Path,Hash
.gitattributes,782520B7C18159DB48EE9B305C346674946CFACCBD5D80E256EC6439E02D4053
.gitignore,475899951740B0C6AA1586360E6CC6FF7E4D670F88D8A71CC9A39CEB6F4AF353
.vscode\launch.json,BB4652AFC0CEAF4A7D999A7F751FDC1F08F1F24A0128697A9B10F125C9ADB030
.vscode\settings.json,5EB4ADD35A9C40E2F560CB19D610FB2E3C73EF683374B7B421CF8BA39576BC92
.vscode\tasks.json,006F665982001A09F3AC8B679C73B96D19D4807D9E3A24F07BF764DD3C6FDF7E
CivOne.csproj,0753D3216395C794987E728409F7A10C3DCF71C0C329C0BD031983CD09839764
CivOne.sln,46F4B630DEF5C1B1B7422E23C0CE819E8279F933361C7D7F55F9BE41E14FE0E5
api\CivOne.API.csproj,448836957B1D85A263D6E05159630FB73E30FAE75FC1653BE1AB6E8D6086257D
api\src\AttributeValue.cs,0B1119BFB13BE42D9AE280EB38024B3C82934D75E1E0FE5494897D6165520675
api\src\BaseAttribute.cs,B603F5B253601ABFA0F8712ADE3171EC2ADBAC431A4616944044A8CA2669CC97
api\src\CityData.cs,2650DCA584D3CE21E6F5A07E9B5247A8D5B8A26C3004168A785C0CD1AFBE01C9
api\src\Civilizations\CityNames.cs,8C0E895B4939F5F2DAA10B59C4E3906B217E6462AE0D69F45D65810FA13DE5F9
api\src\Civilizations\CivilizationLeader.cs,3646CAE7EB0060AD5E4A7511A4D4B2496F96DBD72CB2866F4A8ECFD1AC45F22C
api\src\Civilizations\CivilizationModification.cs,7C35A2A60F8C0277C4D6E1E62B8D2DA888C3139B61EE51395193BA5508615E75
api\src\Civilizations\CivilizationName.cs,723069363BA88AF3FE08296D2C71A36897514FCDD53159CD273ACD60F8EAD4C4
api\src\Civilizations\Name.cs,F96A792676969FDF520A7660F260B86EF17B81C24B2EC7906F377935A4DC47B5
api\src\Civilizations\StartingPosition.cs,1F3DE218368C9A3A2FBAB218F41B977216F9DF3E2CE255990780DB71A2C5B39F
api\src\Enums\Advance.cs,AB64B5D9B5CC06ED215302F861E95B7A92104E3ACFC2AC5437C8FA8AD32B80DC
api\src\Enums\AggressionLevel.cs,7B3D3D551FD3A76AC46ED84E0ECA1BA02986545214ED9ABD9542CFFD37C4252D
api\src\Enums\Civilization.cs,D30FA866D3C24B7F50DB7BC4C9B7BD9271F2DFBD3A7D6E434DCD49EBC889BC8F
api\src\Enums\DevelopmentLevel.cs,41F0B5F58850ECEB0AE473594145A73F24F16BCB0D958F768F42B0CA30FC2380
api\src\Enums\Leader.cs,15B3364B3F845B5DFAE99801D5370F1CBFFC8D389FF58F7D59AD32E6D7671D39
api\src\Enums\MilitarismLevel.cs,80F1119485A3EB220D3F6351DF5AAE5B8494D08CDD04C50996383DEA741BB048
api\src\Enums\Order.cs,8795F5168159EC39BC151AA3AF484BFC715D636C6B5AD40705AA3C7BA3A4DE0F
api\src\Enums\Terrain.cs,A61B63F008328BE4F6212450851ACCD3A98AAC8863B693C739530E8B28B4F94A
api\src\Enums\UnitType.cs,18584A57C0FC0B884DD2E0B99592BF18785D3DFD41F8F651E256719760DA4B7A
api\src\Extensions.cs,026E741D431CD11F59751B91EF4F2F2A9A0D1EF42C5EE95BE244E2AB69E99955
api\src\IGameData.cs,8248CCD7AE5070821D72CBC328558B614C0BCA855F3BB6507DDE673BC26B5BBB
api\src\IModification.cs,331005BADC3D619DB5DE4C7F4A051BA660227162EB92A253142E21C604A4F774
api\src\IPlugin.cs,C840696D8957E584881B70963A52E4F6FFA3F1494DE0920E69D3676A02BA81E9
api\src\Leaders\Aggression.cs,0C698E0463DD4F1350AE0B1756CB3C0F66DE802E482AEE4934643CF8E7B42C12
api\src\Leaders\Development.cs,9A08DDC3B3C6CDEE9710E14720A9E5C22143D4AC3777CF3776F7F648A053B95F
api\src\Leaders\LeaderModification.cs,1E28A80193D32DC6E1D3B8D7DC37285C7CBE271DC858418D61F084D17BCA8F86
api\src\Leaders\Militarism.cs,F9E3AF98DAB09F0F8BFD021D694D060247E747D4721EE090B9D7F31C65CFA404
api\src\Leaders\Name.cs,DCED4A108F264808C02AA1B95BBE8260C2A29BCD62ADEE53E2F5490FB3969B6A
api\src\Properties\AssemblyInfo.cs,A523493AA2C9F1878962750C0F5914654811EA9408EDA7F49EA5AEE47975CB5B
api\src\ReplayData.cs,2D1AEE0E80E250F6117AB56D51A3C69B37728663C2CDE066C58C81FD6014A7D0
api\src\Resources.cs,DFDC2DE2796097B8A348D3971015FE26331BEF640708D134CADEB254627EF7D9
api\src\UnitData.cs,195F4D656D761E6D2467F218DF8F71C7ED3A6E2EA5CC522A0EE90275606E2BB9
api\src\Units\Attack.cs,3938F4CFB8BA532D61864312BEAE76B54E80E6822626657F8128FD5945EC742E
api\src\Units\Defense.cs,8FCD96785AC46069EE353FCCE4DEFEA97EA28F6319669AF2D3E712FF4DD10843
api\src\Units\GoldPrice.cs,DE33A8FD055ADC51072697148AEDEF47C7AEA001FF852450D6DA200005EFC0A1
api\src\Units\Moves.cs,899536F1ED8C35897EAA4465037DE88B7DD2FDA06F7E4B403B5A30F4AE1F485D
api\src\Units\Name.cs,C3CB4AAF88580F6A9BE1A82D13360EDEBA0235ACBCBD328C067CDE4B0E09621A
api\src\Units\Obsolete.cs,41B06B9C19C8CD17CEBB01B7F3BE98786416A00A873BA45DAB03DDC301B0C7D5
api\src\Units\Price.cs,3AEEFE98BEE4AA5D415B63409BCF545EE81F5649272BB3E4FF52EB785BB7D669
api\src\Units\Requires.cs,0E15F29B5F6B1D81DF87449D70A82526ED0DFF908326EDD0BBBCC0A997E338AE
api\src\Units\UnitModification.cs,0A3E800663A30FF2E22F815754C572083617A8021610BA6431C9DCEA817CCACF
api\src\UserInterface\MenuModification.cs,8C8C6AEDF523616F10B5BE1FC291B95919593B0CAEFD75E6AF8E7B8431D88A50
docs\CODE_OF_CONDUCT.md,9BBD7CD6D1333FAE1CEC15F9C67B0736065EE6E3AD00D607BA046BCF1BE3D3F5
docs\CODING_GUIDELINES.md,F3E0A05C78EB4DE3AF3B94A99D103C23C188B390387FDB5EA7CE286443AE9BE0
docs\CONTRIBUTING.md,6C74792F5C703B43C1538FD9A904A5BD85B4D911D0CD72AFE6FB096E5CCC7A9A
docs\CivFanatics\Barbarians spawn logic _ CivFanatics Forums.pdf,852A2C93128A42FC19D4417366DCF7CAA3379275416363F9A86A0FC10F3869E9
docs\CivFanatics\Civ1 Combat Mechanics Explained.pdf,FC0DB04460C68D793694E978C6E7EC5F1C59694E7ED2C6DD35F26544F8A5DBC9
docs\CivFanatics\Civ1 Land Value calculation explained _ CivFanatics Forums.pdf,B77866407AD694BA77D0ACFB94CDC5DBC6618F6C5DF976E99CBF9F2C366A9651
docs\CivFanatics\Civ1 Map Generation explained.pdf,5FA729F0E95EBA22E4AE1A420AABE7329BA84E076CD3C1FF4BC04FBAE850816B
docs\CivFanatics\Civ1 explained_ city disasters _ CivFanatics Forums.pdf,3F0077343D21FEBAABFEAEC39756AB2378E56628BFDDBB0D839A87ED6C62A0C4
docs\CivFanatics\Civ1 explained_ tribal huts visit outcomes _ CivFanatics Forums.pdf,D87C59F7BE91646438FE073CB15E103C82FB500E1E0B135977D4F165116F80E2
docs\CivFanatics\Civilization I Fanatics' Center - All Civilizations.pdf,7D06C2EB1EC2750410F388091353EADE87102C3E9AAD123895A06006C1A6CB32
docs\CivFanatics\Demographics-How are they determined_ _ CivFanatics Forums.pdf,917411C2081006AC6F1AD1D589DDF2A094BA097B6AAC5EF565E88ABD8F5F92C5
docs\CivFanatics\Explanation of _City-states_ in Civ1 _ CivFanatics Forums.pdf,1ED59B4F2851C938C52E8B5C3CE083169A7D14D8C01A4E7D164ABE605AB10FA0
docs\CivFanatics\Help, what's the logic on what your wise men can research.pdf,E980D06288425C4C9F96F92C5A86E9E773AC23F8B53FB784F498790F3E54ACF1
docs\CivFanatics\How many bulbs need for the current tech _ _ CivFanatics Forums.pdf,45EBF97E17E60F674C0BA30DE9BE184014A3204CBD38AC9B4B09ADD8C1F5778B
docs\CivFanatics\Pollution bug _- NAILED _ CivFanatics Forums.pdf,DB76CD001C27ABEF436D8BF738292D098DD7BC80B17B01B9A2D1A72405A40434
docs\CivFanatics\cityprocess.java_(java_re-port_of_civ_1_for_dos).java,0306D58D485D3DF70B05CFE969BF394CAFA9DDEA6F2A00D841B96BB975FF2E76
docs\CivFanatics\civdos_-_ai__unit's_orders__routine_(complete_unreviewed).java,D709F7E438CD9F70C798B1E29AA9C1F6157EEF3D73DFDB61B89BCAC5AEB4F1FB
docs\CivFanatics\civlogic.java_(java_re-port_of_civ_1_for_dos).java,338875E45D353EE9D361CBF709544ED1DE94C5730A7FEBA0CEA2F0E3619E6EA4
docs\CivFanatics\replay data.pdf,88A7FFFF77150C4C1701043307241AD7D319C04A0C529908FBE4B4A9C326BFC2
docs\CivOne_CityManager_anno.png,7B32F1BE66B96A6B2A74A3633A4956488342A6367E666846570620C48FB8CB79
docs\CivOne_main_anno.png,EE521E752AB2461DC3716D90883DECB9131828C8EABEE99E45E01528AD658836
docs\README.md,B3E56B71BD34F28BACB57B86C2696857F0B8E4FEE030569323E845E395734F64
resources\linux\AppImage\AppRun,B18F08B0DACE2832F08AA0AC0EA39AA7380522CF4EDA37D4D681F9CEC25C2E16
resources\linux\AppImage\CivOne.desktop,116E3AB85270415E3BB0CBAF65DE29F4B9CAF52D42ACD1C6629E9EEC6CB23241
resources\linux\AppImage\launch.sh,3E6352FF10E5947EDC3933F59BA312673A4C88A5234ACBE6384FFB2649BF5C9C
resources\linux\CivOne.png,51A592B69517B5183C4212DAEFAF66B1E46E9547C8DB81EB5A50D5B314A47837
resources\macos\CivOne.icns,210A91E6F0271E93A1FEAC06E9EFE864D6917112140FDD61B40E2661E0F52688
resources\macos\Info.plist,3ACF8F23CF830F8850E14CA8064E1BD037A5F077E427928F1EA3A92F9E1605D6
resources\macos\civone-mac,B98223AC917D0A18405668231DE792211141D30581460867DB935820EB951F07
resources\windows\CivOne.bat,E6923047208EBD57576499B12C7E2DE16B89FFB8204FD0A77D15D3514B94DF3F
resources\windows\CivOne.ico,7FD833D943D83AAEBD10318B3C722982FC0472BC68424E1B88474954DE71A5D7
resources\windows\Demo.bat,EFE25E26B17882DFF8BF3FD4424326D4357B655AF71973BDFB4F4CE244FE78AA
resources\windows\LICENSE,6D489AF6292662D9E36D34CE49423784984A5F6E41D7B58F49B01264DF59FA03
resources\windows\README-SDL.txt,1F114357B2397256AB87FAABAD8B3B55EDE711A52463C873140E44218C4FD012
resources\windows\Setup.bat,88E8901498FA19E19A9002F3AA119DE86841FAAF38E1FCAC9E4937524A06DF10
resources\windows\Shortcut.bat,0880F378B5BBFF48AFBCF29276E6D604AFA71711842598C2A688E0ACC2679D6A
runtime\sdl\CivOne.SDL.csproj,53393AC71EAB0CDD77AC60435CEF53FC9316D47F7F08B1B51A55E4ACE19D0E43
runtime\sdl\Resources\HelpText.txt,590EC8AF19346835F05B1B8A6AF5BCB8C66C45F908779203A68984E76C0958A1
runtime\sdl\Resources\WindowIcon.gif,86FBD9BB6F5BAC416F9DC2F0565EA648606E601886A8C695D5A5FBBB9DAB0247
runtime\sdl\src\Extensions.cs,FF6F8A69F2B38D226F11006A77B560A342984092D2C5DADADFA3641E83E2DD64
runtime\sdl\src\GameWindow.Graphics.cs,9576FD8C70616854D03828023F3914FE6E957E1EB85B3B24F7DC70031CE6C709
runtime\sdl\src\GameWindow.cs,006D3CDE06A2ED403D3D53923C3CC8A6CD624335A39B643E686616B0A8488097
runtime\sdl\src\Native.Gtk.cs,58B60F0E631B56706AFDF5E8379F85742D4466736B15E3672403284AD0311AB7
runtime\sdl\src\Native.Mac.cs,C6709D68E04D0426C5AD3CF7B97607C9CB174A7D4B045F4281B5B6449C594559
runtime\sdl\src\Native.Win32.cs,0D754EE3D156E0E2E6B39742D70624D7EDB124F32DBD7EFAC6AEC5A74B92B941
runtime\sdl\src\Native.cs,241F82DA408FFDB72319289653C949C9B652F4573C41F764C64215F9E261C998
runtime\sdl\src\Profile.cs,9CEB019CB837A0330597E8ED73A1A3F75628D09DC7DF34B3E96B7BBB040788AB
runtime\sdl\src\Program.cs,F518C76445069C6C1A75C80496B080D800603A2AA3547A49836A18DA988C6196
runtime\sdl\src\Resources.cs,7DF025C73EBA980606B953D4291E3604EE9915A9E4535FD1595224666C6AD002
runtime\sdl\src\Runtime.cs,A5E98E9A4D46F92850F897A7DE363985E2A980C1BAAF9577C410CAE8B7B6B721
runtime\sdl\src\SDL\Delegates\SDL_AudioCallback.cs,C8BAB5EF833964C9DBD8182A86C401877BC03752E43FFED46E3C38E315B5C940
runtime\sdl\src\SDL\Enums\SDL_AudioFormat.cs,C3E95CD44B737C79E742C724387B1B6727EF58853BCE1C0C246C8CBB19258FBF
runtime\sdl\src\SDL\Enums\SDL_BlendMode.cs,975F936E4FC0DFDC6C205AAD8915F0FD5D4EFC3AF0F413A4E520F2E02A460C9E
runtime\sdl\src\SDL\Enums\SDL_EventType.cs,D97DA96F80F07BED6581B51419429AC64E7E924BF38037B73FC89A1D69A29FBE
runtime\sdl\src\SDL\Enums\SDL_KeyState.cs,B6B828CC6D3BDDDD4A70173797CAE00CF04C51DE507AF37C7646328175EDE228
runtime\sdl\src\SDL\Enums\SDL_Keycode.cs,76381ACC928DE110DC7B03866B26F0515560152CD1E93F8593D47F726EC9E68E
runtime\sdl\src\SDL\Enums\SDL_PixelFormatEnum.cs,0A5C569C9DA6095375A8CC55B74A805C56745E0BFC800DB8E4929300C2043C03
runtime\sdl\src\SDL\Enums\SDL_PixelLayout.cs,25EEE9DA507E3C7A33FE2893E445BE8BC0C3E32631862BBA1556EFE6612524A7
runtime\sdl\src\SDL\Enums\SDL_PixelOrder.cs,CDD0BCCDC7615282AED008EDD31F488FCA45C89071B8A4A68837B527EBC02C75
runtime\sdl\src\SDL\Enums\SDL_PixelType.cs,759CCB0D37A2FE31D9A2D8B4469F98FE0D3F18405F5C51630C2DBA6BE53C8B3A
runtime\sdl\src\SDL\Enums\SDL_Scancode.cs,459B7F0776A075A780E80A7F184CD6F558C35B713B12783E153835CB3668D2E1
runtime\sdl\src\SDL\Enums\SDL_TextureAccess.cs,6CA3828F9FD18A84F4259F3AB4DF96A2B3AA524275AE210D43D48E1CA4D26BCA
runtime\sdl\src\SDL\Enums\SDL_WindowEventID.cs,2D55FB8A42335852B370837B64BAB5F59C690DC2D7E1EBB724A7703DAEB36E9F
runtime\sdl\src\SDL\Extern.cs,B33CDC9718A45DA7369FD77BD7E12C1EB805C253F4EE605D4909B5B54AA7775D
runtime\sdl\src\SDL\Flags\SDL_INIT.cs,BF12B2739ACB4F712CC25244609213AC86E34778550B6E199F53009F2C14F7D3
runtime\sdl\src\SDL\Flags\SDL_KMOD.cs,79BED45A270C8039D90C2E7B51F22A0658F302ECC51F33D4A27901D5A6AE935B
runtime\sdl\src\SDL\Flags\SDL_RENDERER_FLAGS.cs,31BCB1B5C3119310241AFA87FA805BBD62A4911D73319C1F89D45CB16FF4B692
runtime\sdl\src\SDL\Flags\SDL_WINDOW.cs,156D95504860BDE4B650231AC2FDCDE01D3F29C700EAEAB7F4BD84B986584AB3
runtime\sdl\src\SDL\Helper.cs,C215F8C159C4DD884F214DBCEB92DCF661691710189B875B6877323C09F6DD5B
runtime\sdl\src\SDL\Structs\SDL_AudioSpec.cs,E0BABECBC22A49F2E41223BB5539E1AC9F394064D703165061AAAC01CF961521
runtime\sdl\src\SDL\Structs\SDL_Event.cs,F238DAB68D2713CA650A363A5B1773F480E2A4AA1BF2564B6119F137FD6A13E6
runtime\sdl\src\SDL\Structs\SDL_Keysym.cs,4A18F7B18591DFA5C757F89F54967F22466C575A16A7A04456522E6CF36D3ABD
runtime\sdl\src\SDL\Structs\SDL_Rect.cs,0293F99199E5D742C42C031A40BEF22A8501EBDF8A21B61EC7DB262DC1564F2C
runtime\sdl\src\SDL\Texture.cs,FF7654E0EB34080171B1831DED15896C6C85BEC349DD76844456AFDA4217D76A
runtime\sdl\src\SDL\TextureExtensions.cs,B199A502C1EBA76E21AF72865044768C402BB19C2C98F03EB6989D13A603AE41
runtime\sdl\src\SDL\Wave.cs,76001E7423CE66EE8367659EB19E1B6EFA95B487C8F22F50A8AA606481D3D042
runtime\sdl\src\SDL\Window.KeyboardEvent.cs,400803240321ED76D42D89BB5D860671885E42790B8944E29719A7CA3710FEF9
runtime\sdl\src\SDL\Window.MouseEvent.cs,444B7EDA210DDC2701E721637AC35FA6CCC7AF0FD5E0220A9CC20639D25ADBB2
runtime\sdl\src\SDL\Window.Sound.cs,E8445C977CE75445B84D801B1442E07D68D3E3A98CB21FBF1C81167347D5E02B
runtime\sdl\src\SDL\Window.WindowEvent.cs,4F28EF464C523CAA06B4AD84E4DF2C2996555FCEF2D355DED12DBD9A7147289F
runtime\sdl\src\SDL\Window.cs,0DAAF7A7FC4F8B8769B9CF6F521CD9E72CF8F194A28395261418B0E45C6F603E
shared\Properties\AssemblyInfo.cs,B2A84A66EBFB8F73911FA204D087729632C4D965B54FEC044911424730424DE8
src\AI.Barbarians.cs,D58AA1A942D4F6FF38099DC16601A78BDF533406B66ED9009D017D4CA86B068F
src\AI.cs,25C8DA3D990DC3B666A8F67E0E2F49F32A52C66F3052E5112B9FF80741AFC9EF
src\AStar.cs,0F239CAE0C1CB22716709508DE40C0614C6F80B0E1A96744D047191589564DFD
src\Advances\AdvancedFlight.cs,AECD77BD7A9A35648BA2D37281A3D8AFC9F1726913A7E0070576AC63BAFD81AD
src\Advances\Alphabet.cs,A8047C4BF2A24E64B6B5C54F3CF9CE8C15D71C90200A19126CAD3B59CD0F18AF
src\Advances\Astronomy.cs,C490DCBB86306C77686F2C50B3E68BC4248B6DEFD02674F49F64E265EC9A8565
src\Advances\AtomicTheory.cs,E72CF3B972696CEF196220AE8027F344E97DF96F70E728C41E10FB0DA38357B9
src\Advances\Automobile.cs,C05B9BCB81026FAC42E3531BC479E81F49E66D6DAEBA37A14F5299846600ABF3
src\Advances\Banking.cs,57534E03E23A5D49ABC41CC3C4277ACD7A1B503CA0F0A6BE92E53B761FAEF058
src\Advances\BaseAdvance.cs,5002786260234F49972AD9A673411CA2B5123B20677100895409E2ADF66168BD
src\Advances\BridgeBuilding.cs,8090335128372E714F5D24B2D330FE8545BB3694425516475B29BC421A0F3826
src\Advances\BronzeWorking.cs,BCCB3A8277FB31A67F638535898A0974D69233AF54FA741A5B3496AB87021B65
src\Advances\CeremonialBurial.cs,5AE39FDC0E5C0B381FA7D125BFC8B760930FDAA009A6933BF47EB0F549BEFC32
src\Advances\Chemistry.cs,687586D52CEA1BE7ADF84A693870C2237573E47AC96B1E3B51782D9A9C60569D
src\Advances\Chivalry.cs,66296E6E8191DF1EF831B7CB81CDE6567A012D15FD7E59A2C3FA01754F880F00
src\Advances\CodeOfLaws.cs,21A62EC0E2F14F854075B13207E58036E6D05B8C74B5A6A6F0DFF1D0CE3E9A90
src\Advances\Combustion.cs,D103B846EB9A81B4B063AE6C26B10EB7B54161500FB4278AD9907F4DCF89491A
src\Advances\Communism.cs,23A892BF198474EBDD471C36B21D42D54160A26B6E900C02B3985CF1F33E2AF8
src\Advances\Computers.cs,464BE2AC362C6E68373981258A48C25CD86178C3369EBCD18FADECCFD7E4A4B5
src\Advances\Conscription.cs,471B5E9DFA7C31C4EC00E44A4D8636C5AA57984FEC4DD51B4D001CB611B9C3FB
src\Advances\Construction.cs,5105EDC94CE030496B4791EB675EC8DE5DDCCB2425D2FCB17E75CC3482B71921
src\Advances\Currency.cs,0FA318F56B76E6708DE85201116D344923D3BCE9F93A7F0F5B5C4595592B964B
src\Advances\Democracy.cs,2A80CE48142CD682AF5010097034CF9DDDE3BDE70068D9708FC9873AE1A1F9BC
src\Advances\Electricity.cs,4EB90927C1420F586BDA03B131DE55B55D05363D1E6940781685BE362B64D744
src\Advances\Electronics.cs,372324AA313A909110B712DF725343FDF13495F5FE154A33259224677A0FDCC2
src\Advances\Engineering.cs,904F3CB82ECA4D60D87C77BB68C56A1F2A0E939090A5E55623A9F8C4E1464E9F
src\Advances\Explosives.cs,10F6020FB58437BD8418EC3C52CC79C289C3F4F54473BDEE48294889C7DF9EF5
src\Advances\Feudalism.cs,2502E926F24D63E7F7C726787367570D89F5367D1DC1118EDB2C5225082AC630
src\Advances\Flight.cs,0523531C61670E6994D8B2667734C6B2717ED76BF6E5D024D3FF2EFA9C88BBAC
src\Advances\FusionPower.cs,3362C942CA88B07D5757E688EE9B14549E7DA508D66B6AEAAE3D66298DDBD30C
src\Advances\GeneticEngineering.cs,49C8C45D1D0C27B13D73B322530701A33A993CB9FFF4B8C7702579FCE5256661
src\Advances\Gunpowder.cs,4059B7A21DFB79CE07DDBCF1D138BE9C77F829B78226370733440DD919DC8948
src\Advances\HorsebackRiding.cs,1042676274D0DCDBCDB5396B7BBAAD21247D5E3C84CDD72E634D8EB2C6FC8AEF
src\Advances\IAdvance.cs,ABF89470A275ABF195D2E5CD22EC4FFD70522272AEDC2FDE2F379EC44CCEE26B
src\Advances\Industrialization.cs,31B6A1791E3D551E6A46503873268CECB10A7BD1AE5489F3486D5CF9AC521704
src\Advances\Invention.cs,7543B1D54D73B23FBB17E1F859088ACDC492CAE78822695815BA5DD87C11F6E0
src\Advances\IronWorking.cs,16AA12917DECEEACCB0097A80D95A226A212302E02F3CC0061C6FDAD59644E71
src\Advances\LaborUnion.cs,9B3075D28EAC0ED9126F90FD6980C86E73A76576D5F216532C0D829E7262C430
src\Advances\Literacy.cs,6D571B00FE9DFECD64A6DD5886F98452182C014B55F5631A1AF102A812A0E135
src\Advances\Magnetism.cs,63A300FA95E05D34EF409F57BE8EA61BA2C1CEFE817A24BCC463F5A0B37A7DC1
src\Advances\MapMaking.cs,2E2D7F7E0EEC1A94DF2B2FD4383F3F10F6596D29E62CC22D8923076228047214
src\Advances\Masonry.cs,4C1D51571513A28648E95D3708EF1FAB744FCB9F561AE36B7D0B40CDFCD01778
src\Advances\MassProduction.cs,6BF1A4E91FBCCCAAAC93ED515B3FAE223B7D565F054DA3204A94394499269D4B
src\Advances\Mathematics.cs,0FF3122508EC8FE73D231F24448AA045F78A98D61728D7753E2FBAF40F5C5EA9
src\Advances\Medicine.cs,9481EAE0B79AE28ADB1E1B8B934B3155BC14CB2DA72757D0D5B40F2DEE904418
src\Advances\Metallurgy.cs,102389B50BE7DA368AACA31B26AEBCD553EB78B5D7936365F927AE026B3D8E78
src\Advances\Monarchy.cs,D6EBCBDD8293F7E63DC60027C9DB84864F95C33DC0DD226E13944BC015A9D2E3
src\Advances\Mysticism.cs,1F74E3F77B2D42485967ADAB7A67D45BCB6520C047062E757E846812527EA858
src\Advances\Navigation.cs,98254F3F1E24EBACF59DBA47CCF593988F27EA5E9581C767D6F88348D6DEFBDD
src\Advances\NuclearFission.cs,D2D68F27563651238300E17B703D5DA57C54BD7B23F4DD460A4BF9DC6BD3092D
src\Advances\NuclearPower.cs,7A193CC44BA4E429B86A330A61590BA8C9D90CB3E9793CADC968C6C4BFE75E6A
src\Advances\Philosophy.cs,953D5A70A4C6E4279F0CD1111EE76ACC43AECBFFB03863026852B54668CB131E
src\Advances\Physics.cs,CCA3A6420B53255A9D0AD4703CD649A9C1EA3B28C007CA0453746B2EAC2569DD
src\Advances\Plastics.cs,ED9F78301FB2FAF0DF59908AB2C60DD87A6763788196AEBBC57DF6080591AB0C
src\Advances\Pottery.cs,7ACBA23464C802CC30752384370451357EE046E4D902E7881C5EA27AD8C2D2B6
src\Advances\RailRoad.cs,A0253594C9999BCFD45037CC3CCF242413C06D3BD713E6D1A59A5F2D07C9FCD4
src\Advances\Recycling.cs,341ADC6D18FEE71A43221206EA296820F50793A72E2A4005756C9054284A6995
src\Advances\Refining.cs,14071209B2021B4A29AC65D2301E1B3F87BFF69AB56FBFB381C170B7F9875B61
src\Advances\Religion.cs,3516AD17A9F1D32AD02DEB22F3E8AC5B6692AF1557B5F5085E5DDFF908568AB4
src\Advances\Robotics.cs,AC40E48BAE0B931DB00CFD9CD5F0218870FB75190280E01196D0F1608027586D
src\Advances\Rocketry.cs,84E53E5FB881D96EBC66DC36BC9291C80D7AD67AD5626F154AD2B74CF7EFA047
src\Advances\SpaceFlight.cs,DF42595178AC7F5E1C1BFDA874516CC9B848C82651926799BCB9554F5571BA39
src\Advances\SteamEngine.cs,99C3A0A511847AFDE01D0EBC067B24DAB5C7F3A78FD123C70C950E33060F7BE3
src\Advances\Steel.cs,A81E2F50A31505A4ACFE93E6E8191FFC57897DDF0592DBACB152C8F6DAF27543
src\Advances\SuperConductor.cs,10C9468C1E54D602626AE51562292E28529570D8C02A875167BABA2E52FF1BF9
src\Advances\TheCorporation.cs,D78D1AC23F80812CD043FD86D8424659ACCCB0A0AF56B68E6396AF9E05617959
src\Advances\TheRepublic.cs,BBE45D020EE03B2019982B1BB38C4C05821236AC344325A88C3289E2EAD5D721
src\Advances\TheWheel.cs,BE3F876124B258FFBA2E868F9D0D4CA324F7C774BC47BC216BF73CE67958B88C
src\Advances\TheoryOfGravity.cs,8CAEC5BD3791EE5BA41487B460A0E141C4AEA3A8CE29A07C7A5A4C86314D35C9
src\Advances\Trade.cs,FB51D7AF0179930678A7F20E978A99F05CF37EE35AADE44F7A9CDAF731E438FB
src\Advances\University.cs,53A55190037F0BE84E71A59D2CED0D925888C6681152D1B23CB62891F694C6E5
src\Advances\Writing.cs,5DCB78C29D99E8659EDF6FF9FE19FA996E235041B4F79028A0A6B9EACBD2D078
src\BaseInstance.cs,6AC60EFF795AA3971568010D223623C88A549F2CB4E896CE1C5804015669089F
src\Buildings\Aqueduct.cs,B7FCFBEA76F6413B95B6F53CB398A3FABD805C167E36A90E5E62823FF7F3DCA1
src\Buildings\Bank.cs,79D72F331CDB7084318B19CCD3B11E85AAD5F57C9F04DD81946EB92E49C1776B
src\Buildings\Barracks.cs,74EC78B55CE18D6CEE584F74F1C505511FD2F0896A775ABB85EA44B429A0B64B
src\Buildings\BaseBuilding.cs,9D7F616D1232E8F23ADA3013585D941A16E2AE6CF2B150C8101DC0D18CB1F137
src\Buildings\Cathedral.cs,7803688FD39638202D22AEAD9BC2344230778F433A5F56ECB4981FB98844937E
src\Buildings\CityWalls.cs,1857FB6C5588ABA45086649B49F683E2AC9B656CF94323827646079EFB8ED177
src\Buildings\Colosseum.cs,5E051AAD2E48FD0DA8C966A760D8BDA7AEA5593B25886D58F06A2F3EB1F7BEDB
src\Buildings\Courthouse.cs,762DF27C7D7E99D2693121AFA77BF9F388CFA04106310D561370D23F5A99119F
src\Buildings\Factory.cs,B9269E8C893FCD24CB325C39DF53BD90289F63BAA408D9025F04A06B2F5A7BC7
src\Buildings\Granary.cs,F25CAAC648A3EDD8733191D9DE0A8A7C4353D97E519482C85D4CFFEA737223F7
src\Buildings\HydroPlant.cs,A1F7A6082EBECF4EA350D0CF8B2F97F1EF86B73AD300E62EA4A8423BDAAEDBFF
src\Buildings\IBuilding.cs,E3B95793FE6E6193FB7D08FF3B075CE9D2275A2E2E374C59721F9BF4479AFEAB
src\Buildings\ISpaceShip.cs,35285A13B742AEFCDB1F15C0ECBE9C54775262DE7BAAF6B845953F4BC0E7D6EC
src\Buildings\Library.cs,8B4B1CA2E1F70BF8572878E071F1A327EB65D2940973DF48AAB46EE377BBE6FC
src\Buildings\Marketplace.cs,85F8CC247BA7ECBA0A7D44F959AE59779111F39B8976295AB5C255CBA716DB21
src\Buildings\MassTransit.cs,96EED8D6EBB7F49CB275B489C0BCA4CA69026914A779AB28021AD30674051D33
src\Buildings\MfgPlant.cs,3FE9F65DC6C289F0B5830519FAE7008B8556E9B2C85E25991F1A860BD0763F65
src\Buildings\NuclearPlant.cs,6E74A68EA86805D3F96E00522A00486E7B073647ED4DB52022FB4E302D6B6A96
src\Buildings\Palace.cs,B0CC57A53A60819261D612A904E74C83AD544B1B636DDEA6CD145FA7826A1E35
src\Buildings\PowerPlant.cs,347B065A9B40864C379C015B2B3C0AD885049CE39D1B374614F1A893D3DF9ED5
src\Buildings\RecyclingCenter.cs,3E9F3A82C426FB6DA9E9653F4725E249A4EC851B66A908AB892F98DB43737BA1
src\Buildings\SSComponent.cs,E4AC18C06D18AD4A2D80925404C9DE0C66B378F560DBED359B62DDECC9A60777
src\Buildings\SSModule.cs,6544DFCFDBFBC414FAC890DDAD9D696719BB14B3CC12347A7586358FD37ADA9B
src\Buildings\SSStructural.cs,EC9DB7996799C19F306F6A387CF18DB7271E9864FCA5A338C11B06252BEEFEF4
src\Buildings\SdiDefense.cs,DABED41C9B579D926F3336519BD9A5F50A01466C29FEBC5ED7139C3AB30A1D90
src\Buildings\Temple.cs,7A2928CA5AD3644AAE059C0225A45826B8AF216D3A1B5E3368BC7B130ECD01E5
src\Buildings\University.cs,76A54E6E7A8F7F356971182A451A43A5CE0F2234BC8DF373E66C640357FBE77C
src\City.cs,143C425829DD315207E12B46BE6D298FE89334E38D66839FE3075E59DFD26702
src\Civilizations\American.cs,783B04931616534B6EAFF9199FB6FBB5DCFD449AFB5317BAAE0310283A08039E
src\Civilizations\Aztec.cs,8412AC0A6564C418222BD99DDF6E13F4DCFB5D7925CFA629B9E6F5F29CD071AC
src\Civilizations\Babylonian.cs,4D6C644F4631C1D688F63CFFF060BA195CD7E841B0FF468995A965108F48DF8F
src\Civilizations\Barbarian.cs,5C5F0F5D49ACDBCC5D17A1B19244C3E965A8569D3DFB4AB19DDB0B303B9FE966
src\Civilizations\BaseCivilization.cs,63A8774658F8BE6618863AB2C3709F89BF596618766B8E79C3E90482962A4A3A
src\Civilizations\Chinese.cs,708AFB655A8A9218FE8D6810F63001DFE32380B496EC5D0D1AFDC9145CF0A448
src\Civilizations\Egyptian.cs,16EEF0E4204C52A60B633EDCE18F572E720CFA2841236ED2F60206B5B0158199
src\Civilizations\English.cs,8CACAB791DD49555E4FEC35C690548EF20ABE54E142C3EA9308D4D9EDD0254CF
src\Civilizations\French.cs,903840F74F2C03341958497AED0B41284DB1DE156353041E59E9C9C7D31207D1
src\Civilizations\German.cs,5F25463B08BF9C75980DF1C730F1C2C429EF31686527DC85D6B5765ED54DEBD0
src\Civilizations\Greek.cs,8B3DE1CD16FEFD6E3147E8CA836C1E969C686CC0F3475CFE0FBB601B428E205F
src\Civilizations\ICivilization.cs,00DD1F42C5AD44ABE4D0A203408A07409022F0244F74827D963FCC1F4C2B218F
src\Civilizations\Indian.cs,9E26B028E6C7B8F9EE298695FC093DAFEF6290CAC9EA363134184EB12E05F9D2
src\Civilizations\Mongol.cs,274A4BE7E01A7008B5757C9349BF60D13C2709677BD4F7B0195E44A177A17BDE
src\Civilizations\Roman.cs,6A2FB947AA8E6D13D76FFA73CB8D22A6828DE444F53FB534AD91F8B34601B2BD
src\Civilizations\Russian.cs,4FE4117CC4FBACD8582273EF9F5C2FEA7833A9FA648F4A729D5600565E0F41A8
src\Civilizations\Zulu.cs,E48A01806D7ADA6093E4326CA0DBC8B8896648BD5FD206FCEDDD2C1F195B9027
src\Common.cs,1BBC66EC77E5DD0D494BBAF3522B8A8620580440A17CD70E7C4A91B443710DA0
src\Concepts\BaseConcept.cs,2933B421DF23802078970E17C857733B537FD7DB385395D01696D7507C83C97D
src\Concepts\Disband.cs,F10FCBA34CA5B22F0C6C283C20C789D9550A0CD692578C541BE04434A6385E01
src\Concepts\Fortify.cs,6AE86BDC773C3E8177F868ECA806F70618B36CD3F3C02662613A67336DB66F77
src\Concepts\Fortress.cs,27BAB451CC9D1E659EA9B873DE1976DD489C840F40D6DC70531C8CB18C614662
src\Concepts\IConcept.cs,07A8C3459258B4338EAE83DC7DB7CB306AFC0F2BA99D681C6483C57FD7B46EEF
src\Concepts\Irrigation.cs,DDDBD6EC8B5C134E86381A710F3C9E8DABB64135D426A3FD6B9E4A226888F6C4
src\Concepts\Luxuries.cs,40F1C6D168A7815AE1EAA7D89C11BF86BB5351AC02EF272EA82FF8C0FFE761A7
src\Concepts\Mining.cs,5CE471F035E96D2B273A6697B3763263166A1BE0E9B7DD85895DCED0EFCCF35D
src\Concepts\Pillage.cs,04951DC78F52189F09959CE2CFC29A9486BB9A365AFE0FB57826F0EC36FE75C8
src\Concepts\Pollution.cs,89FD88E8AB6E8CA2FC212912577CB93AA5862597754F903172ED3A40D0F8A40F
src\Concepts\RailRoads.cs,688125C1640A5B04047FF45D438D456408D7B87DC5776FD168EE83BB78120268
src\Concepts\Roads.cs,B6EC77BB3777C6B4116F3B7204643AD25F05A67BEC5C1295850AD1A28C537397
src\Concepts\Science.cs,F52BF6A88B226540063CDF8A30C55CA6950213E383A6ED0BBC3EE6B8D1F08543
src\Concepts\Sentry.cs,ADCE6FB63F680036B7D278D6AEE5D3079E8B480A8437158C170264FE198EC3BF
src\Concepts\Taxes.cs,3E4F775717356EB3E46C1B3502A911F8D5E82137A8F0994EDB82A81A01BA51F5
src\Concepts\TradeRoutes.cs,92EE95C3E0286075206F16D9EB36723226B62CB84AC2EBB9FBDFC66F6C6D79B4
src\Concepts\VeteranUnits.cs,3FD95A5EBD45E8B648290173381D3CAC0D7B41B7F2B52DDCF2CECA489D6AE04F
src\Enums\Advisor.cs,0AA559B89DEF1F000D15EFF6E32D790CFD56125DA60B3096667B867A3FE2706A
src\Enums\AspectRatio.cs,3405482FB58350184048086471734E6B3D153F515B41A45DB0E154ECC10CC6E7
src\Enums\Building.cs,D210CD532C65AC41E3E5D36D3B680FC47BCC247754189C752785D90699DE46CA
src\Enums\Citizen.cs,D2118C90A696D07AA9E4900810FE57E3C94C69637579AC460A14A2DE5DFBFC2D
src\Enums\CityInfoChoice.cs,FA6DB0E4C07A031BAEDB7210CC0204140745D15131E108982E395CC4FA7D22AE
src\Enums\CityViewMap.cs,880F3565744A788A21CD6109C515116375A88A3FD320DD694EE9632127FCE57D
src\Enums\CursorType.cs,D6E3B18C31539D1B558023843467DEEB80210E40DF6D1D60C59205F429018E4D
src\Enums\DestroyAnimation.cs,220599ED338B7472F59F8AD6051C839D925028DCFE25FA56F68E5E432A61BFEB
src\Enums\Direction.cs,CD913C1FB7EBB5DCB0F91EECDA782FF4C11B7C75D02A11F29F5E94C85B68706A
src\Enums\DirectionExtensions.cs,FCF96B54C15FAD43D326DAA05B570FEC4F9F9ABC3B3318823DCF4448AA5C57F3
src\Enums\FaceState.cs,11B2F4AC887066AF79E9077B04062DC71C6B0CA4CBF65FC41DD370799867EE98
src\Enums\GameOption.cs,FC8945BCA90C3A0FCF4F070FD6AAECACD0D8BF05250C5BD3227230E5E148DD0D
src\Enums\GraphicsMode.cs,0032433DB65A6BDF094BC5D2E29ACA7F99D5D059B8F304A97EE7A7282FFCB497
src\Enums\HutResult.cs,AA658E6AE91B166F7002BCBBABFC0BA71886DAE4AE58CC2D65BFCEFB3CFD6B82
src\Enums\Key.cs,0AE75004511ECFED3C339DCA1A10199763169AF40B142E42F85289DAB2404D2D
src\Enums\KeyModifier.cs,98D0775CD64AE3A7810E600E28D02C121955447517D448F61455DEF0C249015F
src\Enums\MouseButton.cs,5333E72712D07381A5CE260D5B009F188D0A25432D70E416927F55AEE7E232E9
src\Enums\MouseCursor.cs,616AFD5DAFDE1559BB739CAD011C441E4CDB85878117CA7FE9172B409D7BD40B
src\Enums\PalacePart.cs,9272F233F829A822F6EDB8C1652BCE0E44A35182A4B57B634A880F4D11C5958F
src\Enums\PalaceStyle.cs,DBDEDD896739CA2FB72D539A9D46EEBF0D683BBEBC5539051BF2D110A4934912
src\Enums\Platform.cs,719AA6ACB5A742AF785DC9D43CA85D6775DD5E74DBBADA502F2F70871ADA6E8A
src\Enums\Speed.cs,AA110298B6B09DC1F87B2C00C15239791E207C246D5EF2212805C129B9A7E327
src\Enums\TextAlign.cs,AF506F2AB5F8B33FBDF40EA96D8C806789C545BB1CD59F786A6DEC4EF865C29E
src\Enums\UnitClass.cs,7BBBC873D4B9A34DA151D57F4643FCB38445389E5835220AB03BB6BB72DCE6AD
src\Enums\UnitRole.cs,8952B86FEAB21DF71B65DF2961E8C48B7B4B8155746497F392E56754DB730E92
src\Enums\VerticalAlign.cs,FF8A2D65F9FEDE93505C4D780CE8E0404DCC0BAF5DDFFC7954DE0FD5C61F82C4
src\Enums\Wonder.cs,E4D2CEA1182D7A6997DFC4179278DE506F1E5BB0584E14DFD99EB270F301ADEE
src\Events\KeyboardEventArgs.cs,C91C3BC4E12B10F8DE05AE9E55AA5497599C68F623B2E13DF998B0AC06B474BB
src\Events\MenuItemEventArgs.cs,0434196D5DBC154207DFAB958859303F1C26000AFB962D03420E383B2573C511
src\Events\ResizeEventArgs.cs,C0920CB1FC54079C937485F2CB2C54F25BB00B997FC52B9C753B5ABCCF5221CC
src\Events\ScreenEventArgs.cs,29798C97A02179B508B17A796978707740E446140D78F46AE916B14F36D0CE41
src\Events\TaskEventArgs.cs,3B7C501A4E2B8F6F889683AF4E5325CDCFF4CFA516500AD6C5E4E5CE0D935E51
src\Events\UpdateEventArgs.cs,67E4388B5ED1E4C691637B56D738017BFA35D2063C0FF2A3EBD9BD04A6D27C19
src\Extensions.cs,60A8315F249E097E04B91288552EE08766AAF5A94E88502D7CEC54535B4B3B33
src\Game.LoadSave.cs,A52A5E177272A3EE2EF4323FFC8160ECF1D3A8CCDB62E367D8EE00B9E1177D97
src\Game.NewGame.cs,CE4F2A4267C059644C1F357E85856F64CE1CA1B4F0D69E933852A9C8E52EFE56
src\Game.cs,4736752DC9FDF405032F7E502D444A65E94618540EC0E76AD6CD1D6E59384F05
src\GameTask.cs,4D3C09D5D216F49439A4294FF7B3DCBD79106818A3099E55AA3044EA0036F0FC
src\Governments\Anarchy.cs,0F68885104A20C58E00CC63A70755F0796C9180DE0A04E846D2831E58B4753F5
src\Governments\BaseGovernment.cs,BAC908134B7D906CBADA7DB007C89FEF21E237613663829D2AD55998EC212953
src\Governments\Communism.cs,CD17C2956BC2DAC7FCCCB41C3F49F8CC7C5906E0332BA5940398ECAB6A416CD2
src\Governments\Democracy.cs,5458DCF4A9543AFD92B192D3A15EA64C25547D855A7FC4ED7CB77BDB19EE7FED
src\Governments\Despotism.cs,AC9E869714AFA928405D79FC6CED97E36C3A3908C26120780073C202CE27983C
src\Governments\IGovernment.cs,26F77D8EEF17C7DB92F02E7E87315FD4B1BCB128244294A09CD5BE37A2B0971C
src\Governments\Monarchy.cs,920E85702C54C6ED2F75C148821759AFA8D6BD9151872208B64655836B6E80B3
src\Governments\Republic.cs,FF50FF4FF96C1F6976973257210D24E973B4A2FB2CDA43EF5D733F0A96B7AE31
src\Graphics\BitmapExtensions.cs,AD7EB45B671145EDD5E44762E767C63C57A8836BB813E5D7B6A4162EB1A7CE33
src\Graphics\Colour.cs,E46D5932E331F75898AC93E6D8728F0C775FC93CFF3306D605BD4147EB9E4398
src\Graphics\DefaultFont.cs,2C742D4457337B9E7EF93C0AD8D4CD2D4A3BD49F31C36843DC4A8F95BB33970E
src\Graphics\FontSet.cs,A51D56FFDC496AA1F742D2BC428EC0C06DFDE5A28EAC0D8887A231FB8FB2CE99
src\Graphics\Free.cs,27F89C8994EEED847C7B9FBC2FC393AB9E0F7BCE78E43346E468994BC6764921
src\Graphics\IBitmap.cs,7FCFEAEB02C95C679CDCCC4ED395DB979B55B2505B46A66F17BFCA761947BFE5
src\Graphics\IDefaultTextSettings.cs,726AA2531587C5F00788F7A5D4C6B4D7F378C87B49949860F3759518D28ABE1D
src\Graphics\IFont.cs,50C7900C29DA4934A8D7C70DE2777854F2EEA43EF4200F690BB601CAC90C70CD
src\Graphics\Icons.cs,4B5CED0723857C086821B8959FA58118A91B440874D0727E8C73436800383ED0
src\Graphics\ImageFormats\GifFile.cs,064886E78F0E267806E2C2B665800214F8DCB444FBFDE348A6BC09DD507F416C
src\Graphics\ImageFormats\IImageFormat.cs,4CF90715A1BDA2CDA2DDDF55E1EA3FB43A58561FC380F6D797A7362EFB4715A1
src\Graphics\ImageFormats\PicFile.cs,72AEB5A6871E4726550F05D294860EFA831B02FE2BF3B2C3E4661B0A7755BD40
src\Graphics\Palette.cs,E4E8C88C2CBA5EAB743856C92F6439BF8C4D21D2AFDFE4C5E5C53CC212DEEF85
src\Graphics\Picture.cs,EA75E67B9DCF50D29BAE9221853D63AB44093B6607D1ECEDB4378BB8BAD0AF6B
src\Graphics\Resources.cs,5F68DFF3506EA5B991E92EEA56B09BA3C4645D03269046C221C7269BCE7F895F
src\Graphics\Sprites\CachedSprite.cs,F42368E26427B53F08CB66CE48A85D5B5876301B1EB78DCB73184770FC4E9C03
src\Graphics\Sprites\CachedSpriteCollection.cs,33B687FBAFC3F133057D117966091FF97D1257BE644A5DF2E1D77FF3864B61AF
src\Graphics\Sprites\Cursor.cs,B19525E1CC1E8AD27C5FB6E32B7C0F4D030FB9BFAFFA564767BBD029B4D20DC4
src\Graphics\Sprites\Generic.cs,1AD72BA7658CB904E75EE0123C801C62E0D7C90DB8652311B099EFD274CBA172
src\Graphics\Sprites\ICached.cs,95BC610DC675F8FD7B0036D32AAF42E89BD03E8561E7584E79824983F73F6FB5
src\Graphics\Sprites\ISprite.cs,82B0D62E4948D132CCE446A9D1A92C179069AD981C1CFF6D3C89D34FDEEEAC3E
src\Graphics\Sprites\ISpriteCollection.cs,26763148D5D6A931D54D6AA7C79A3A76717705135C26597BEBEBC6393B2F5579
src\Graphics\Sprites\MapTile.cs,96959A858F1DBA30330E0E5A5D6A165733BBA2B456972FF6E9A1B34390FA031C
src\Graphics\Sprites\Pattern.cs,03448B6584B99458593A6024D9D8CB9A656B877EC3285010BDD6283C451AB37A
src\Graphics\Sprites\SpriteExtensions.cs,E95C9E9144448E92E480CB003546B926117DEB1F18CA7D96B0C0D21D505BCB67
src\Graphics\Sprites\Unit.cs,82BBB6224975F5760BDA97ECD6A3EECB69FDE79D60026C1CA36FED6A653147B4
src\Graphics\TextSettings.cs,78B9C1D5F5161F3E60165D970799D0DE9253C9FCFFCCF3C19CCA07B644B43C2D
src\Graphics\TileSettings.cs,33F5CFD017079F24FDBBCCF0120BA722B714E91AE7101B91E46CF3C3F6A60357
src\ICivilopedia.cs,6062E036158307540BDAA34103C57CAF998F1260A867CD78D09AB178190DCC50
src\IO\BaseUnmanaged.cs,09375CC6294AC5FA60F003004AB8EB04490A5C5F09E319F08C70680B215E1667
src\IO\Bytemap.cs,92ED5EFE53436BD24C3870B92B0833EB1FA5D1B39C277C7C88CE3135530325C4
src\IO\BytemapExtensions.cs,E9A34E7C8886A781FA4DB3D94F2BD348B6D5945752284410EF5ADC5004AC37FB
src\IO\FileSystem.cs,28E2D0018F12ECE323E41F433BA619DD03F326F2F6C3F5AA9A35A42951B64631
src\IO\LZW.cs,71B40F52C6F02468FB6E79C3F1E0EF29CA70B094E4F087C881EA732C637D910C
src\IO\RLE.cs,3DA234B0F55B36A9524E243E1B560A92A10B1BB9062CA6CBDA7B9DB0C6D58271
src\IO\SaveData.cs,562B41CA06543871E04FA2518D58BE75AB64D143C1EABDB4CF0EA856F3B701AA
src\IO\TextFile.cs,71C2FDF68A2F69E394FA790D99584CE2BD6884B0517CC42DFB94A79BDCB9A18C
src\IProduction.cs,4AFC5D656393182F434EFE74428EBA971AB954D7EE8384654CD2F41B25F656D1
src\IRuntime.cs,A89FBADC11C4893E0ED8179E7448F4DC35E3602A17316A0F812A0D74669437A5
src\ITurn.cs,D082E3F8FF71542D668B034AE830C5DC201F1F85A4264564F6723A682B5A6C1F
src\Leaders\Alexander.cs,A03CCBC7F5F083B83D2F966A359EB4A9BFC7BA82A4C8CFB9ED903AADAA00E84F
src\Leaders\Atilla.cs,B6266355FD0EAC09A72937D59710AD74C69C17A59DB3A8AE63985549AE61F7C4
src\Leaders\BaseLeader.cs,161BCD2ADEE6C4A801311D57318BE1723B1FF586BECB8504D011A9DCD82DEFCA
src\Leaders\Caesar.cs,386B0E03E9706760B004A24B4172BCB88D621C8F764881A46C75C96429537E99
src\Leaders\Elizabeth.cs,1C43D045BBEE91CC647BCDF7887CACC1E1095B958007221849A18079B11D60B2
src\Leaders\Frederick.cs,DE15395DA9F7AC66DAADBDA30F046C6541DB3928F10E14DFF0DFAE968479FE24
src\Leaders\Gandhi.cs,A2E8753D3C9518D6D013BD7860C084F2E56813B60B4DBBEADC9138A8C35197D4
src\Leaders\Genghis.cs,15409315D74A826853966C75C5E6E141FDA248FB92C7C3153BEB7E0F8C0E4DEC
src\Leaders\Hammurabi.cs,DEDEBCBCDA80B8D55C959F5D60F690B3436F2D7A4E90806EA0924162D9D70BBA
src\Leaders\ILeader.cs,4BAFB973466C915D7B03DB7A975BBA0B8D8D5C2EAA10DEA56A3F5193A47998BD
src\Leaders\Lincoln.cs,3C421A3AE583121DDF817DD99F9CCA6965A76D898834E99CC227356FD86E1A37
src\Leaders\Mao.cs,E763325A2366B0EE61BC50ECEF2315F82A7CEEECFFB4BDB1D4C33D552A61F859
src\Leaders\Montezuma.cs,FECA5CD1071CDF4D3E29FE279A42086A0A0E4D568AC7735A8861130D2DDB4075
src\Leaders\Napoleon.cs,A4A8B649989EE5F38C81AFAD1D05BE7CE3C389D1F05876739F366338AD249BBD
src\Leaders\Ramesses.cs,820E6E05441D8E804329C351F1846ACC7263B91B44A78E2590135E1260DCB2E7
src\Leaders\Shaka.cs,907BFDFE0949CC9B8C66AE45747674CC2628F936E7779C4D3C84B3986BD22922
src\Leaders\Stalin.cs,3E2212A0D7837FB82012F45D544817E6BB09928FC5DE667A9C38EB8B9B771214
src\Map.Generate.cs,3A75D29087D1D6289355EE0FB275C518170A76105C4E8BA716FE44A802518C66
src\Map.LoadSave.cs,9E4C2F1A44E9DC9911A258CA2CBDEE6991BB344FF972720CDD075A467BFF9D4F
src\Map.cs,B4B4F712F264DDAE51D7E621261D329DE2A42F832882F34BF26CA727CCC8587C
src\PalaceData.cs,400E20799D740B49C122036EEEE9A34FB1010115E13E322BC18F3D547DB1FDE4
src\Player.cs,C4B44DAD5D321882202A7FF1BA743E4429260B7275F59741FEA40BCEE1F2716F
src\PlayerExtensions.cs,0A5C4FA1A4A78EF8EEBC94C87D90EA918F11F66E90B0784E9CDEB8E34B0B7505
src\Plugin.cs,3DAD875B1BB88191F85B4F0816029673F9126A12B55F5E87591A41B90A0F1C40
src\Properties\AssemblyInfo.cs,BF5EE2E8FA44799F5B83EA9B5B021F376F3F7F174610920A8EA89DCD0953502F
src\Random.cs,D27382D65E8542E32F04BB9C12CA764761C1316A37859801F21C2A02600D4457
src\Reflect.cs,F43881FE27BAA09DB26CA368656B8604219BCA08243A09FD792B3E88B6BDF389
src\RuntimeHandler.cs,874A3E94387C1C05AD7BBE7F316B5A34FE1B07BBE419DF2E4F39752A9AC6B75B
src\RuntimeSettings.cs,E15EEAA5F01A9FBD0093587594D1B701FD99609C575B94A9048C4C21B28C72B4
src\SaveDataAdapter.Get.cs,CB9662832AC4AA0BBE03B00C4321AEFC3D3B8AD420B871F807F0F41596CF9DC6
src\SaveDataAdapter.Set.cs,3B8CA10BA2844FDA01B71235E4A408CEB3F143BBFDE8BD78E4499BD72D2A3971
src\SaveDataAdapter.cs,A8D8C7065958B47B60244E8E50A38DE995A67C2C83A9950222E082DBA2703CE4
src\Screens\BaseScreen.Canvas.cs,C103D729A543A6E7F5C88BF44244C940CCEB353757892DDB8A1E0AAD4D00BB02
src\Screens\BaseScreen.Fade.cs,6CDEA3D1D8A80DE7EF0D500F40189A96793C1FF7ACED13F1DF1597FAF8659E8D
src\Screens\BaseScreen.Menus.cs,2009D7B0F2B3680F1BD34EBE9193663A14413F89C3306AB3E45A3650BBAA6EC3
src\Screens\BaseScreen.cs,4B68532D46CEA9929027B89319B7080324789BBFF2208BA3307C67DF5EB67188
src\Screens\Break.cs,E19A8E279909C40FFFACA5FC2391A5EB361DFA33A47916731B1BFD8F5192CA18
src\Screens\ChooseTech.cs,FDE9E3F3E7F92F7785A07401A07A3419BF39273C2A5E67F544F647AA6E300889
src\Screens\CityChooseProduction.cs,91190D7A1FA3E8B303CDA081FF30007FD8191942B6F96E1D3106ADD2B61ABCDE
src\Screens\CityManager.cs,CD97621B382A61F2D65DB5905CBFE5E47BD0265CB1B9FA945578EFD0B386D4A8
src\Screens\CityManagerPanels\CityBuildings.cs,F84ED57C27D6181111FC98AFF4D610525C232E8CCB8C6D2A3D35B196AF436952
src\Screens\CityManagerPanels\CityFoodStorage.cs,4E89CF93646E73EC3971816462D06EB33A446799E7DDF388C7358440E2C7CABA
src\Screens\CityManagerPanels\CityHeader.cs,C9DD8224D1C3ADE35FD85ED30275240D4753B363D4FAE10099C8993EF94F1ECC
src\Screens\CityManagerPanels\CityInfo.cs,CADA0473088932CAD0293BE3E60A1CDAF11817D6E8A2875D83F56BDFC5F48D5C
src\Screens\CityManagerPanels\CityMap.cs,245D6E4800F7DAA536CD9E95840BE6A6B28FCE96268B9B0278A32B1C427CD4E7
src\Screens\CityManagerPanels\CityProduction.cs,121807D80DE9A51A16B2531E5220626CADB9DB0D7FDFDF1E93E22AC44C7D5CAD
src\Screens\CityManagerPanels\CityResources.cs,DA4F45FFC96B55F1209CE5F95A4B8FB5EA95F6F2A0A6D04C284ACA84A5A30866
src\Screens\CityManagerPanels\CityUnits.cs,1B5A1AAB92624B5680B2EB9A4F4BEAF3A1BA33E3C8648262D040CBE75FFB223E
src\Screens\CityName.cs,24BB5E29BDCA380ADC5E795D006D1EBFFC41B3B5A0F48DA243175BF2E97CCE68
src\Screens\CityView.cs,6F7C21B4EBA430D90A76C243DCBED5B8E73D443D3BCDFEE64A6DBB5799EE111A
src\Screens\Civilopedia.cs,DEB3281F466F8E34207D8354BB7DFCEFF4A1AF1D8FBCD67E1F08EF4546501103
src\Screens\Conquest.cs,7214BD921138B6E2711352F2A80A19D4A97009F0451423B6911F40D69521D73E
src\Screens\Credits.cs,DCAF396DD81672D21B147ACF5E55D6F3448C2362AC1CE36D0C7BF1A0FC397ADB
src\Screens\CustomMapSize.cs,84885A799E4244763D0EDAD4EE3F35BE070CFEA70677366DA8C8F5CB38507F64
src\Screens\CustomizeWorld.cs,C66D54F8378D5E748CE127493F81A881E59AAA0AAF6443DDF29B5C76D28A5CDB
src\Screens\Debug\AddBuilding.cs,3917143989A9DB16DC18BE79A4E71A0BF0B04119CED82023C775E82923776608
src\Screens\Debug\CauseDisaster.cs,2DBC076F388E6C1145430FB8CCBE849F04C84361607FA8FFD6F8BC444CE03532
src\Screens\Debug\ChangeHumanPlayer.cs,36D32FB57B53EEE2369B69E50B1416B9D6E3B13C3190085B64B5B8A7D63F59DC
src\Screens\Debug\MeetWithKing.cs,264619597B87EA76BB959E34859BE00799CE99DD7C86ABBD5B7C7F55DB652948
src\Screens\Debug\SetCitySize.cs,58CA959748677D7913CB1BBB20A7D24A00E218E89DB61AE1EA2D2351BA287160
src\Screens\Debug\SetGameYear.cs,0E979334E2EA26C22CB88CF9E3799E6DFC11CC0B12C221F4671E9EE746272623
src\Screens\Debug\SetPlayerAdvances.cs,44DEE94909BAFB2231464D957ECC64C34AA5813DD3215B6E368BC9E8EE83ABD7
src\Screens\Debug\SetPlayerGold.cs,E9999E2B20FE05277243E926C1C9BCEE0CC6C3DAFEFA60BAAAACD7B42E1D4C6A
src\Screens\Debug\SetPlayerScience.cs,F1B37018B6DF2B4D9B676EA426FDAD74F6E960DF6FA6AA9A59973E02DD786EE6
src\Screens\Debug\SpawnUnit.cs,420AE44B1A1E8E3C033173437BB5143F0A0D78F0DD188D966C9F90102FA0A67B
src\Screens\DebugOptions.cs,7B3F89D75E027A7BDFCAD59AEDF7E1813AD67AA54B75F79AC5B0852956B33DC9
src\Screens\Demo.cs,5B42C48CF7A1EEB913F59A839AECB5730AF122C9D5E4B9C70964A41B791EB399
src\Screens\DestroyUnit.cs,D32E24C93CC3C110B7AB932BBD4434BF48F8C68770C2AF7113D9C86C6FC7DC09
src\Screens\Dialogs\AdvisorMessage.cs,559F594990E142F83164B5178FB9BF287C2E323A604AFF1D9E02542CB7BE79E3
src\Screens\Dialogs\BaseDialog.cs,4A84CF6F8CD4DB6F80076E6E9F9BA16208CF5F2BAC727B1367986D5EA82B1C76
src\Screens\Dialogs\CaravanChoice.cs,6FD8162234A8B25D5D8D45D1CC6D3D6F2510E9847FC2841080DAE79929998F14
src\Screens\Dialogs\ChooseGovernment.cs,9F04EF4F8ADBF53C4DD0DA69303F9D4C598FE4E919502FCEFA980FF613912B86
src\Screens\Dialogs\ConfirmBuy.cs,950E7B1BFBE2709A879D0C012FC66BB32EC31EE176C723432CF96F811753D9A6
src\Screens\Dialogs\ConfirmQuit.cs,E180964E9DE659429C7C8FCBCCFDDAE2AAC03146879D4C168CC782373295B31F
src\Screens\Dialogs\ConfirmSell.cs,78E68B2B444CFE3A55F4CA3F061CFC4F74A0BCA48C83F9E90596237B84558E9A
src\Screens\Dialogs\DiplomatBribe.cs,3C833851A52E75B47B0B75E7DBE471745DCBB0591949C024D6041F2D458E75B0
src\Screens\Dialogs\DiplomatCity.cs,F7390310A80D4EAE9730015A3346B097395F2DA2F9F003290CFB095AF5717E1B
src\Screens\Dialogs\DiplomatIncite.cs,FEDE4762645EE8FC6F51E82CD4C64CED7D3316F1E13B070E12A9E34F9B60654A
src\Screens\Dialogs\DisbandUnit.cs,1EFD6B10194D885068171261EDF2663C01A7A400DC31495E8977F37E9EA090D8
src\Screens\Dialogs\MessageBox.cs,FB8403CC7851FC583E0E90D0231457D7544D8668DDBD9B6C2A2187F58012D2FD
src\Screens\Dialogs\OverwritePlugin.cs,A29962E5C62A412086744E2DE5E889A931DA52F5D9AB744A687F4DB0E6E658DC
src\Screens\Dialogs\Revolution.cs,249A90C2CDE2AD4BE15B800AFCF9CEF4FFE343B00C2CD273E503BD5678B92B8B
src\Screens\Dialogs\SelectAdvanceAfterCityCapture.cs,2A382AFEC31E36B1E8C8A7A9BCBD24562D2AB3E4A42E33D65AD0EF0CA1D3C091
src\Screens\Dialogs\SetRate.cs,B8E80C71BD1A959743BF951C049E62BD8B53B949F8FDB7F61CC4DD0F35C68F20
src\Screens\Dialogs\SpyMessage.cs,661751F15090F48D90F71860B290472D5582CD3B249C0CA037F7F76F6E1E8509
src\Screens\Dialogs\WeakAttack.cs,0ABEEDBB4779588E468A07FF18F209152D4F2F7BBEAF66330506D4D4F370B749
src\Screens\Discovery.cs,92406633F0B9BE938CB74DED99E2B74499696F5BEC936C867985195FA9A1B507
src\Screens\Expand.cs,5AF3E1BB042818283EE764E810926B0AD7DAF0EC30913640687177B82BAFA2A5
src\Screens\GameMenu.cs,459BD1901FAA7648D2E5E851CA13E2CFFA89D9D568B02EC8EF34188D49295655
src\Screens\GameOptions.cs,A510C43490ECBD060B9753EAC59BC53E4D2184370C1414A99215BDCF723DA3CC
src\Screens\GameOver.cs,CBFF9307988111C8B10FCE8B21E92E638CEBD5B4ECA9570AA67913016FEAB6A5
src\Screens\GamePlay.cs,079545E521C0139595DCF523014DCF1CDB870D2F53EC16E69A63C1363B32182E
src\Screens\GamePlayPanels\GameMap.cs,3F5F0C682D184C7740E337E877A59D335EB10C0E13B41044C78BD8F338AE3712
src\Screens\GamePlayPanels\MenuBar.cs,E8BA19A10BFC68DF3150A4B0C6100DA601456D494EAD7AE5FF2CB6DED6315A27
src\Screens\GamePlayPanels\SideBar.cs,B1D7239E6F1918D1F7470E1BC44FDFCB54A4081821BB33B918ED1B0350EB9C80
src\Screens\Goto.cs,586E55B8F57FB6FA008AA8008535F4230AF8425B4BEFF211E8E681768F6B77A5
src\Screens\IMenu.cs,5278D6201125A310DA2BD5B3142BE55C12748F8BD139DF8ECEA14078C8E1309D
src\Screens\IScreen.cs,4C7599A5B35DCEF5A442148644F479BEFF171666DBB9787E30973F607FEE3D73
src\Screens\Input.cs,1D2D1407C6B21E0BA0228D607F5D14A5254BAC26DACD6EAF2B4792C44D22F728
src\Screens\Intro.cs,900320ED331B6C329258B75DFB85B966C32A1421537DCD1839CE3C2AC3089B0A
src\Screens\King.cs,2E01067FAC2D3EE6159B652F2A04EAB6E1E6B022C06B98E95525F70BA020162E
src\Screens\LoadGame.cs,7AE068D1D8EE449189AD07F5FAA67B685639DD024F93643260DC19088D04F7A1
src\Screens\Menu.cs,5C9BC3E09AD01980AF5BE5F671D42F6020B243FCE692E6BF7D809725A3564517
src\Screens\MissingFiles.cs,84878E766A7101CD2E6225F569EA1FB02934D0AA3B10C8487D98A704EC92FE33
src\Screens\Modal.cs,C81F69E45C3EAB1C5684A4FDAA53BE2B5A9E679AAABF2A802B75C08B2CB716E7
src\Screens\NewGame.cs,12042EABC39D49FC638D4A1CE63AD4873D810A5B98674D32CA7CE5B1945D82B3
src\Screens\Newspaper.cs,099E54A522CCD739C4DBF941B4982F7B3D7AE0295283A7DAA4AACA157243C07B
src\Screens\Nuke.cs,3DFD22DAB5393391B9DD96DB289CDB1F1F5CF161DD15F42691778F96C637C8E6
src\Screens\Overlay.cs,8707C061484B4E013A56D9A2AAE81F7D8DC128178A5A93A9C883472F2474EF66
src\Screens\PalaceView.cs,1663233C7BC8DD02FE6E7C2F1BA43B7DE36A9DC5B5B2AFADEA6D786E5E0F627A
src\Screens\PopupMessage.cs,D5CF22244AE21EAF793CCBF733E1C05EF8E989B8DACBF5E53F12AAACEAABFFB7
src\Screens\PowerGraph.cs,642AE8E8398EAB5A5765E8C49A29124AE8A447DED6E96FC29EEDD27AA7DB22A9
src\Screens\Reports\AttitudeSurvey.cs,98F7390147E5FA8B379D7135D6DBC746C81AA9B1CC57B848A219C801BEFCFB83
src\Screens\Reports\BaseReport.cs,F86A59FCE1C39BC24089422FD0A8D6FCFC8DBAAAFACF0A171B974BF7B84A55EE
src\Screens\Reports\CityStatus.cs,EF4D8F165405BE68D43E75A8AB3F80CE005D747870C39E6DF44BEA271DC5B472
src\Screens\Reports\CivilizationScore.cs,585C66B37068A861C2DF8EB07BB3EE01B12FF0AC518EB6C1A173F0CCBD501B14
src\Screens\Reports\Demographics.cs,CF357462C2AA62883DFE0157B9AB348BCE3A1617A69139AED182620E4F0501AE
src\Screens\Reports\IntelligenceReport.cs,DA85CE9E66A3C0E512FC6181B7441DD58F59C11193DCCBAE8C8FED0A3A65E10A
src\Screens\Reports\MilitaryLosses.cs,8CA3557C7308B2A83423434799C927980D98EB02829A1DFF41B2D053FB5F61BF
src\Screens\Reports\MilitaryStatus.cs,26673CA94B50667984DC779DABD0643D2675DD62560C01AE4DABD2203CF777DE
src\Screens\Reports\ScienceReport.cs,95AC87B74CDACA331CCF896A35728EC4316327523C2A218ADEF7274EE1772AE7
src\Screens\Reports\TopCities.cs,D39B3819B9282F6E75A43643AC396D23AEFF616ADAEA545EAE79BD997E9237C9
src\Screens\Reports\TradeReport.cs,8985C63D31BB306D3451D0C5A2A371011E520A23D56DAB612F521622A54A6D1F
src\Screens\Reports\WorldWonders.cs,BECF008F1263101BA9A96C0E7029C878D378463CB4CCF3003F73C526F11E3105
src\Screens\SaveGame.cs,08F045ED54E5BBBCD4727A65DE8A47F620EFEECA409DEF611F70EAC6617DC7D6
src\Screens\SaveGameFile.cs,7F744B8AE84CCB6FBBCC2A02C99D6717D33F6B1B28151077E2822466998EAEE1
src\Screens\Search.cs,68DE9A7ECEF8D5A880151A0C17029AE8B8C99AA1A99C0EE1650DC39219504FC9
src\Screens\Setup.cs,43DF00F1A2DF8F12A66120B265749F1A5137F71F19D10451D51D656A8C83B4E1
src\Screens\UnitStack.cs,A2CB6A6F497D29C7BDF4C89CA03FAB47F585048534E547052618808E43234C27
src\Screens\WindowTitle.cs,4DC938A2F503E0936BE649E150F9D0313E5362741AC18A888451A3E379E80AD2
src\Screens\WorldMap.cs,7F659481F308B3689932CE5BC77C78E8C3E8744417242C04761C04AB6383EDB1
src\Settings.cs,9D013BE2E1930AEC48D7AF9D9453A24D4100C98C984DCCBA8BF886A5BD7CD0A0
src\Tasks\Fast.cs,13EDEE3CAF0AFED2452520EC5048C1D6EA560125864D863FBFEE14304832AE03
src\Tasks\GetAdvance.cs,AA3562FAFB6E93736272CCFD81F059A511D04A065EE98F8725AC1AD6D9ED8F5E
src\Tasks\ImprovementBuilt.cs,B47E0E17F76B9D47863F278BE5F2E3C5F114789D0D32E8DFC60BF9494ED16808
src\Tasks\Message.cs,6558103607AFB58D42E434054B6BD564DF46FB1AD0F466AD8EE076AB7FC5F82B
src\Tasks\MoveUnit.cs,C8748375E80E2B2863F3E98C35E5B4BC368D9438E54AE84D8B8551C9208F7533
src\Tasks\Orders.cs,B3BD16F8CC972AFB698E4F26B954F2636C3E49B2CB81B97199C55E6A4CF98368
src\Tasks\ProcessScience.cs,9284F28D678BABCC742D9FD9701BD07C47F8E300966B8A6FF8D24333219AF4CF
src\Tasks\Show.cs,73A115E7F03D1262B7E376E3F5B22889519CB3EA5EE68CF4631A6F9878E4E0C4
src\Tasks\TechSelect.cs,ECD91159AF477E829FF614EF54D46C7C4BEFA7A3FD8B4C91508950817A5AA008
src\Tasks\Turn.cs,70FA85CF88531F4F6DD1F2B1D7CB51D983DDA26D80FB99D1B7088CAE0DA89A0F
src\Tiles\Arctic.cs,4AAE633D4F1E32A14735B9DF66247B5B7F789493652957E7BE2BB81C6A7DB572
src\Tiles\BaseTile.cs,574B42C2A4978C46C5B426866CE2FE5C0B0DE2E911EB2F395D3573F5A4E8BE9D
src\Tiles\Desert.cs,D39FA137F4D9C749A5FDB38A6476E93DB873B33A41B50FC5199800EABF71B07A
src\Tiles\Forest.cs,CA0EE1C96047EC634EE254BA1C15FE790DEB0BC66182D36CDA760828D62CA293
src\Tiles\Grassland.cs,6C13090162FA85EC646F9ABE1AE7267DCEDE1FBB73054F3C2A0768DF9D7C32AA
src\Tiles\Hills.cs,456CC5E74F32B5AFAA64E90EB6AF834495771D2E591396AA6C2992443FA5C564
src\Tiles\ITile.cs,C412A306096E1A3C2E34442D3709531B13CF2F4EFA8817FDAB9697A2A9BF9C23
src\Tiles\Jungle.cs,57A83B830EFADACD2998FCCF6AB6D0DCE431D11967DCE11449B948FD6EF15372
src\Tiles\Mountains.cs,7F4FAD86D5D2C61D5E4126EECB0A21C1CA27EF26151D5DAF57DCB0D714D74045
src\Tiles\Ocean.cs,49D5A34A36B69E7E02F32A3CEE6A5C41F3B1CDB46FB3BDA2887C5DADA266E23D
src\Tiles\Plains.cs,F138E7238F30E8386A2410646C8786CC241080A1C1B8FBF4C85B286FA6351FC9
src\Tiles\River.cs,E3DFEB725C74E808964D09BAB08AC4D0CB980EC5E651268D93F9A785B1F8AB27
src\Tiles\Swamp.cs,ADB73114AFE280B2D8279EB028B3A4F6D8CE594FD702759F325756D0C9999BEB
src\Tiles\TileExtensions.cs,DA8548C562E7189FDFCA6BE68EE3EA715ED08430A110B2BEC268F56E134FA079
src\Tiles\Tundra.cs,7CB98458A8B1E2BFE902BEDED548C22BC84C54B08B7D7B135EB316A26B4D9326
src\Units\Armor.cs,74E9CF6F972BD2BAE2D5ABB5DB3492F22DBCA652E64DA3CA343C683098C5CDCE
src\Units\Artillery.cs,46F817EAD5CD9A8DD1077BC8F956EBFE4575E24FCA211621A8F90201A0F3CF07
src\Units\BaseUnit.cs,F678794DA2ED741F4BD420FD2F09C70CBE67CDD3B8CB4918282280B550CE5D5D
src\Units\BaseUnitAir.cs,D127080578C33680B2B611161E76312EE4ED13AA050113565C47EF993C1749EE
src\Units\BaseUnitLand.cs,DD0CAB1DAEF8E4F0A0100D51EDC7A8550C561BBE9095000B968F68CF91C2425C
src\Units\BaseUnitSea.cs,56004E45E6F4FAA0938369086B5B2822F70ACEB43A6CA4F9569EB914C2C8C9D5
src\Units\Battleship.cs,1485E26871A7C4B87939F397B3888FBCBCFFFEF7543A9A43031F5B15B0D9E8D6
src\Units\Bomber.cs,D7E7CF7FA9A4820619EC198CB00E8439D3B73D629D4C3E86BF6D22DACB2957D4
src\Units\Cannon.cs,F2D73BB1054873CB1B4F69B026101FE2FEA8F6A07FAB50E63C340B0F52E566E0
src\Units\Caravan.cs,9AEEA4917E8ED25B1A09796800436CFABFDD6E7C1A0E6AC4E9A70AEE638F886F
src\Units\Carrier.cs,745FFD0DCEC0E5C167362A8AB1EDCA946D3C85A06D056D1C1E20F62A09CA71EA
src\Units\Catapult.cs,1AB8B612F4059174C893EEEBAF2E929970274D6D4A9154A3F95930880A478182
src\Units\Cavalry.cs,D8876F5C345B2EED829DACDC555031B61688A3A08E36E7BD5675980A8BF586BD
src\Units\Chariot.cs,94739688A55B3AD397782036F71D89A8444D174D31855603C2FC5EF50E2684DC
src\Units\Cruiser.cs,88EF030E3FCFB233E67F36C5BC1DEECD10BFF74C8327D846819980FD235C6935
src\Units\Default.cs,287E93EEF8AF6229236767E371AFD4B9303F6502AEFD0AE90E05D606CFCFBFBE
src\Units\Diplomat.cs,47FF06327E564F265A395A434A8B8EA9520E700A067948134FC8480E844FC66A
src\Units\Fighter.cs,E5CA284018DFD4ECDFE0C487BF334C64A1FE1A88FAE347A2AC735194E8CF45D1
src\Units\Frigate.cs,F00B0642F191599507F3EC93B2387FF009CCF25EB115A8B26A9DC0338E16DA36
src\Units\IBoardable.cs,120241529D0508BB0B9F211FF30A399F1A4592861C151BD94570DAEAB5F9E943
src\Units\IUnit.cs,2AE4AB872C3012F2EF071F1525BEF81D96276B021C19C447372AF7D285CD28CE
src\Units\Ironclad.cs,ED4DF5A3A02B802C1819C7E5007AB1E28BB109A2F6F5B2D8A7E93C1A0159E6D9
src\Units\Knights.cs,7C7DE1BF8946A26708D390A0BF679268343163E2FC766BAD013C34EB469E2025
src\Units\Legion.cs,FB7E5FCCAE10894CCFFC86DB4349EEB9C3B64448B0A456DA3E5291A031C49A3B
src\Units\MechInf.cs,0A09F98A8B97D0F0BDAF9F7A636D5724926C368BBD98B737CF86F30086C5574B
src\Units\Militia.cs,7D3165DD697B3B937E60B8333AA52EB206813FCA204BDACF401639CA2BEDBE6F
src\Units\Musketeers.cs,2CB1BC85EB5C64397D1755E4798FB20D7D2487093C1347211C5CA87CDBD624FD
src\Units\Nuclear.cs,050C036E4FB9B29B83D05C506CDA4211E542B02E6DE0BF208DE55DF2E822C247
src\Units\Phalanx.cs,BB16C485B846E4A69FEAA42C7D546AD68118D6438C869F61A48A18B50C7DC269
src\Units\Riflemen.cs,E0CFA2B3655CE0E3DB0CCE2BD15D9170DBA3EAD72AE7A705D341B10367367D31
src\Units\Sail.cs,51E569D038E48AF992542830F4B60EB71C325AFA9A7AED9129C81E28CF5906CE
src\Units\Settlers.cs,54CB565334549A151BC6DD11B35F15ECE1EE08C55EFC11320DB401187F8D8CA8
src\Units\Submarine.cs,E65E3E0227AF90E7FF74704FCA4ED20BD90E4631409475E4A2B15F8E1D8E25DF
src\Units\Transport.cs,80B2F838C1CC30999A127B3B4B5E06271390F985BFB39E1A896E0448946C4BDE
src\Units\Trireme.cs,494EA4F59CAB6B69A27F24C5F017D969B22A7C9964B13AC5754C8CF51E59E701
src\Units\UnitExtensions.cs,6509F481B94D9788991250C58284DC196B07F5D90C0AFA48B9D86225A80C415A
src\UserInterface\MenuCollection.cs,BDEAAED955496698581F17DDC2381A9FD767C4FF3579660214D53DC1C8006AD4
src\UserInterface\MenuExtensions.cs,A19E4D2CE435B054CEA2C3B3385780AA29518CB37A434D53AE9F940CF7498320
src\UserInterface\MenuItem.cs,4FE7CEBBAAAD9A3B238B27999D7D37CD0A2F68C240D73DB0A98A29D1B2D2F43B
src\UserInterface\MenuItemCollection.cs,96EA42569651EF4BF59AF52A770E528E78BACD2360502B51CBF3DCEFD5B9967E
src\UserInterface\MenuItemExtensions.cs,6105399BDF658D472EEEACFC1EB43C1C3070EBC5E4584A48147353984858CDED
src\Wonders\ApolloProgram.cs,C6AFED65EA288CEBD3E0BC2B47A5F83D096F85DE442A57D0DFF1F113DB14A65B
src\Wonders\BaseWonder.cs,C9BC6116E760E1157F9056E4E5420D0EEF6E6A3C4C6843A8CDFC29B960E56153
src\Wonders\Colossus.cs,97EE972A2D0AB428EAB3DE28054F602F6928A4F7B9A5B17A84961E37D7DFB8F0
src\Wonders\CopernicusObservatory.cs,429E8E74FBA737443872868896812E4C264DF58D8D9D87CEAC6E2E74529D268F
src\Wonders\CureForCancer.cs,D743161292DD4B346AE7087A19610D55902824A19AB210710D41448760F91B6D
src\Wonders\DarwinsVoyage.cs,8BC002A8104C764CE7951B0567A6129B906D70E45034B3A09626F53C652BB779
src\Wonders\GreatLibrary.cs,A54B75C77AB872A2D69BB15C4C9893BF78405060EF863EECF8D1B44706C1AA3D
src\Wonders\GreatWall.cs,32AD74368ACBFA73443855F90DDAA276453F9121BD83E10627EF29E0D339B019
src\Wonders\HangingGardens.cs,45D4792A283F6B2A99C5D7E7F58C5B779C0856545E7D4F027C95BC7913167633
src\Wonders\HooverDam.cs,0C551712FB25628958ED9B81F457DB715B26A5DA75CB6240F68B8AF0FF257565
src\Wonders\IWonder.cs,6CC88565688E12EDBE2274B98E12A6F48A86AE43C40339F427AAD582C3141BD6
src\Wonders\IsaacNewtonsCollege.cs,1A80D27CE926419DA1DC5BC534343ABA5F8591F75AB73A58A27AEA7B41ED843D
src\Wonders\JSBachsCathedral.cs,6327A0ED928BBDFB907C79048366660B2916297213ADE66AFD725F53D70A3A43
src\Wonders\Lighthouse.cs,3A684C46E6BF2E3B2F06BE25D654EB2E0BC07D71FF04E99656B4FD458576C75C
src\Wonders\MagellansExpedition.cs,EC0355FBC8898EAF36C3A3F27FC54D8F9A8822DC8FADC4A3B8CA4F49B350C488
src\Wonders\ManhattanProject.cs,DE1A89862B7D84BEA8941E2B6B274AD07607456A4D338EB6245FA6E0D4B6C834
src\Wonders\MichelangelosChapel.cs,48617DC8164304C72D29AE9BAC9EC731E294D994603ABCD5EBD5FBD56920BC61
src\Wonders\Oracle.cs,A11609837012B56579177F6DF7FEF62495D1F326266354E721C927F26F004D14
src\Wonders\Pyramids.cs,2BE156F28BB2DE3820DA56F9A313BE2749D159E3CB26E36E159149A05A682C55
src\Wonders\SETIProgram.cs,72EDAC7919FEB28347DCDD79EB53F3AD41352BE2F7A58043572A20E41C285D8A
src\Wonders\ShakespearesTheatre.cs,8E233E63D2E47DC98323ACC5889B44E38C6989A65D22D6631BAC588C69AADB66
src\Wonders\UnitedNations.cs,1DA7FFA7A31E99939193041C9384E17CBC8C55A5CD8DB5132588ACAFA8BAE457
src\Wonders\WomensSuffrage.cs,1D88256112670BDEF7D6254DC4F56422DCE48DCD71818C059C7CA5805EC7C286
xunit\CivOne.UnitTests.csproj,BB2C0D67EE19D393734F5EF51DCE55FB09BB7C02387B3A95A6CBF669E857B7B2
xunit\src\CityHappy.cs,9F4C761AE68EA83BE3E6E59391ED429638F7B0BA9A5E1BE7337E5E69888CECFF
xunit\src\IrrigateTest.cs,3E805B89DD5320960EBE69730B8189D066255EE55BCAA5971A609D1299CB8CA7
xunit\src\MockRuntime.cs,DA2AB01B6A931A65DC85F480E1F2A3EEFD1A3470F15AE6011C2FB0EC053AB3EC
xunit\src\RandTests.cs,2D313353A9873692852888FA31D2CE589F867B2B1283E12B2232EB698F8AF01C
xunit\src\SampleTests.cs,A9ED5318EE576BB4075D38284A6E0F414E85C92ECA5FFB628A12F5DB7441B456
xunit\src\TestsBase.cs,41801842209069D7F56F90288E2C8BB50E74FAF469AD665592115BA821364FBC
xunit\src\TestsBase2.cs,00EDEFB146CF8EC4FC7A7B2FEF40445B2E86328E48979362AA4B83B7C663C5D9
xunit\src\ZOCTests.cs,14DEB341BAACF1D85BF96659A994AD68268AAC17C563A4AC6724F290DEF12064
